timestamp,temperature,relative_humidity,heater_command,fan_command
1777760355.938,21.700,63.000,0.577,0.000
1777760357.141,21.700,63.000,0.624,0.000
1777760360.653,21.400,80.000,0.943,1.000
1777760361.265,21.400,80.000,0.969,1.000
1777760362.265,21.400,80.000,0.985,1.000
1777760363.524,21.300,80.000,1.000,1.000
1777760364.265,21.300,80.000,1.000,1.000
1777760367.780,21.300,80.000,1.000,1.000
1777760368.269,21.300,80.000,1.000,1.000
1777760369.269,21.300,80.000,1.000,1.000
1777760370.526,21.300,80.000,1.000,1.000
1777760371.269,21.300,80.000,1.000,1.000
1777760374.781,21.200,79.000,1.000,1.000
1777760375.253,21.200,79.000,1.000,1.000
1777760376.253,21.200,79.000,1.000,1.000
1777760377.508,21.200,77.000,1.000,1.000
1777760378.253,21.200,77.000,1.000,1.000
1777760379.507,21.100,75.000,1.000,1.000
1777760380.253,21.100,75.000,1.000,1.000
1777760381.510,21.100,73.000,1.000,1.000
1777760382.253,21.100,73.000,1.000,1.000
1777760383.508,21.000,71.000,1.000,1.000
1777760384.254,21.000,71.000,1.000,1.000
1777760387.763,21.100,68.000,1.000,1.000
1777760388.290,21.100,68.000,1.000,1.000
1777760389.290,21.100,68.000,1.000,1.000
1777760392.800,21.000,64.000,1.000,1.000
1777760393.328,21.000,64.000,1.000,1.000
1777760394.328,21.000,64.000,1.000,1.000
1777760395.583,21.000,63.000,1.000,1.000
1777760396.328,21.000,63.000,1.000,1.000
1777760397.586,21.000,62.000,1.000,0.000
1777760398.328,21.000,62.000,1.000,0.000
1777760399.583,20.900,61.000,1.000,0.000
1777760400.329,20.900,61.000,1.000,0.000
1777760403.840,21.000,60.000,1.000,0.000
1777760404.352,21.000,60.000,1.000,0.000
1777760405.352,21.000,60.000,1.000,0.000
1777760406.606,20.900,60.000,1.000,0.000
1777760407.352,20.900,60.000,1.000,0.000
1777760408.610,20.900,60.000,1.000,0.000
1777760409.352,20.900,60.000,1.000,0.000
1777760410.607,21.000,60.000,1.000,0.000
1777760411.353,21.000,60.000,1.000,0.000
1777760412.607,20.900,60.000,1.000,0.000
1777760413.353,20.900,60.000,1.000,0.000
1777760414.610,20.900,60.000,1.000,0.000
1777760415.353,20.900,60.000,1.000,0.000
1777760416.607,20.900,60.000,1.000,0.000
1777760417.353,20.900,60.000,1.000,0.000
1777760418.607,20.900,60.000,1.000,0.000
1777760419.353,20.900,60.000,1.000,0.000
1777760420.610,20.900,60.000,1.000,0.000
1777760421.353,20.900,60.000,1.000,0.000
1777760422.610,21.000,60.000,1.000,0.000
1777760423.354,21.000,60.000,1.000,0.000
1777760424.608,20.900,60.000,1.000,0.000
1777760425.354,20.900,60.000,1.000,0.000
1777760426.608,21.000,60.000,1.000,0.000
1777760427.354,21.000,60.000,1.000,0.000
1777760428.609,21.000,60.000,1.000,0.000
1777760429.354,21.000,60.000,1.000,0.000
1777760430.609,20.900,60.000,1.000,0.000
1777760431.354,20.900,60.000,1.000,0.000
1777760432.609,21.000,61.000,1.000,0.000
1777760433.355,21.000,61.000,1.000,0.000
1777760436.863,21.000,61.000,1.000,0.000
1777760437.393,21.000,61.000,1.000,0.000
1777760438.393,21.000,61.000,1.000,0.000
1777760439.647,21.100,61.000,1.000,0.000
1777760440.393,21.100,61.000,1.000,0.000
1777760441.648,21.200,61.000,1.000,0.000
1777760442.394,21.200,61.000,1.000,0.000
1777760443.648,21.200,62.000,1.000,0.000
1777760444.394,21.200,62.000,1.000,0.000
1777760445.648,21.100,62.000,1.000,0.000
1777760446.394,21.100,62.000,1.000,0.000
1777760447.652,21.100,62.000,1.000,0.000
1777760448.394,21.100,62.000,1.000,0.000
1777760449.649,21.300,62.000,1.000,0.000
1777760450.394,21.300,62.000,1.000,0.000
1777760451.648,21.200,62.000,1.000,0.000
1777760452.395,21.200,62.000,1.000,0.000
1777760453.649,21.300,62.000,1.000,0.000
1777760454.395,21.300,62.000,1.000,0.000
1777760455.649,21.300,63.000,1.000,0.000
1777760456.395,21.300,63.000,1.000,0.000
1777760457.652,21.300,63.000,1.000,0.000
1777760458.395,21.300,63.000,1.000,0.000
1777760459.650,21.400,64.000,1.000,0.000
1777760460.395,21.400,64.000,0.985,0.000
1777760461.650,21.600,65.000,0.917,0.000
1777760462.395,21.600,65.000,0.886,0.000
1777760463.650,21.500,66.000,0.937,0.000
1777760464.396,21.500,66.000,0.935,0.000
1777760465.654,21.600,66.000,0.932,0.000
1777760466.396,21.600,66.000,0.886,0.000
1777760467.650,21.600,67.000,0.886,0.000
1777760468.396,21.600,67.000,0.886,0.000
1777760471.908,21.700,67.000,0.893,0.000
1777760472.414,21.700,67.000,0.838,0.000
1777760473.414,21.700,67.000,0.838,0.000
1777760476.922,21.800,68.000,0.846,1.000
1777760477.457,21.800,68.000,0.791,1.000
1777760478.457,21.800,68.000,0.791,1.000
1777760479.711,21.800,69.000,0.791,1.000
1777760480.457,21.800,69.000,0.791,1.000
1777760481.712,22.000,70.000,0.730,1.000
1777760482.457,22.000,70.000,0.699,1.000
1777760483.712,22.100,70.000,0.700,1.000
1777760484.458,22.100,70.000,0.655,1.000
1777760485.712,22.000,70.000,0.701,1.000
1777760486.458,22.000,70.000,0.699,1.000
1777760487.712,22.100,69.000,0.700,1.000
1777760488.458,22.100,69.000,0.655,1.000
1777760489.712,22.200,67.000,0.657,1.000
1777760490.458,22.200,67.000,0.611,1.000
1777760491.716,22.200,65.000,0.611,1.000
1777760492.458,22.200,65.000,0.611,1.000
1777760493.713,22.200,63.000,0.611,1.000
1777760494.458,22.200,63.000,0.611,1.000
1777760495.713,22.200,61.000,0.611,0.000
1777760496.459,22.200,61.000,0.611,0.000
1777760497.713,22.300,59.000,0.615,0.000
1777760498.459,22.300,59.000,0.569,0.000
1777760499.713,22.400,58.000,0.573,0.000
1777760500.459,22.400,58.000,0.528,0.000
1777760503.972,22.300,57.000,0.570,0.000
1777760504.508,22.300,57.000,0.569,0.000
1777760505.508,22.300,57.000,0.569,0.000
1777760506.766,22.300,56.000,0.569,0.000
1777760507.508,22.300,56.000,0.569,0.000
1777760508.766,22.400,56.000,0.573,0.000
1777760509.509,22.400,56.000,0.528,0.000
1777760510.763,22.500,55.000,0.533,0.000
1777760511.509,22.500,55.000,0.487,0.000
1777760512.763,22.500,55.000,0.487,0.000
1777760513.509,22.500,55.000,0.487,0.000
1777760514.764,22.500,55.000,0.487,0.000
1777760515.509,22.500,55.000,0.487,0.000
1777760516.764,22.500,55.000,0.487,0.000
1777760517.509,22.500,55.000,0.487,0.000
1777760518.764,22.600,55.000,0.494,0.000
1777760519.510,22.600,55.000,0.448,0.000
1777760520.766,22.700,55.000,0.455,0.000
1777760521.510,22.700,55.000,0.409,0.000
1777760522.764,22.800,55.000,0.418,0.000
1777760523.510,22.800,55.000,0.372,0.000
1777760524.764,22.700,55.000,0.412,0.000
1777760525.510,22.700,55.000,0.409,0.000
1777760526.764,22.600,56.000,0.450,0.000
1777760527.510,22.600,56.000,0.448,0.000
1777760528.768,22.700,56.000,0.455,0.000
1777760529.510,22.700,56.000,0.409,0.000
1777760530.765,22.800,56.000,0.418,0.000
1777760531.511,22.800,56.000,0.372,0.000
1777760532.765,22.900,56.000,0.381,0.000
1777760533.511,22.900,56.000,0.335,0.000
1777760534.769,22.900,56.000,0.335,0.000
1777760535.511,22.900,56.000,0.335,0.000
1777760536.765,22.900,56.000,0.335,0.000
1777760537.511,22.900,56.000,0.335,0.000
1777760538.768,23.000,56.000,0.286,0.000
1777760539.511,23.000,56.000,0.300,0.000
1777760540.766,23.000,56.000,0.300,0.000
1777760541.512,23.000,56.000,0.300,0.000
1777760545.020,23.100,55.000,0.249,0.000
1777760545.586,23.100,55.000,0.252,0.000
1777760546.586,23.100,55.000,0.249,0.000
1777760547.840,23.200,55.000,0.192,0.000
1777760548.586,23.200,55.000,0.201,0.000
1777760549.841,23.200,55.000,0.193,0.000
1777760550.586,23.200,55.000,0.189,0.000
1777760551.840,23.200,55.000,0.181,0.000
1777760552.586,23.200,55.000,0.177,0.000
1777760553.841,23.300,55.000,0.115,0.000
1777760554.587,23.300,55.000,0.121,0.000
1777760555.841,23.400,55.000,0.055,0.000
1777760556.587,23.400,55.000,0.059,0.000
1777760557.841,23.400,55.000,0.044,0.000
1777760558.587,23.400,55.000,0.035,0.000
1777760559.841,23.500,55.000,0.000,1.000
1777760560.587,23.500,55.000,0.000,1.000
1777760561.844,23.500,55.000,0.000,1.000
1777760562.587,23.500,55.000,0.000,1.000
1777760563.842,23.500,55.000,0.000,1.000
1777760564.588,23.500,55.000,0.000,1.000
1777760565.846,23.600,55.000,0.000,1.000
1777760566.588,23.600,55.000,0.000,1.000
1777760567.842,23.600,55.000,0.000,1.000
1777760568.588,23.600,55.000,0.000,1.000
1777760569.842,23.700,56.000,0.000,1.000
1777760570.588,23.700,56.000,0.000,1.000
1777760571.846,23.700,55.000,0.000,1.000
1777760572.588,23.700,55.000,0.000,1.000
1777760573.846,23.700,55.000,0.000,1.000
1777760574.589,23.700,55.000,0.000,1.000
1777760575.846,23.700,54.000,0.000,1.000
1777760576.589,23.700,54.000,0.000,1.000
1777760577.844,23.800,53.000,0.000,1.000
1777760578.589,23.800,53.000,0.000,1.000
1777760579.843,23.800,52.000,0.000,1.000
1777760580.589,23.800,52.000,0.000,1.000
1777760581.846,23.800,52.000,0.000,1.000
1777760582.589,23.800,52.000,0.000,1.000
1777760583.846,23.800,51.000,0.000,1.000
1777760584.589,23.800,51.000,0.000,1.000
1777760585.846,23.700,51.000,0.000,1.000
1777760586.590,23.700,51.000,0.000,1.000
1777760590.100,23.800,50.000,0.000,1.000
1777760590.660,23.800,50.000,0.000,1.000
1777760591.660,23.800,50.000,0.000,1.000
1777760592.915,23.900,49.000,0.000,1.000
1777760593.661,23.900,49.000,0.000,1.000
1777760594.915,23.800,49.000,0.000,1.000
1777760595.661,23.800,49.000,0.000,1.000
1777760596.918,23.800,49.000,0.000,1.000
1777760597.661,23.800,49.000,0.000,1.000
1777760598.918,23.700,49.000,0.000,1.000
1777760599.661,23.700,49.000,0.000,1.000
1777760600.918,23.800,49.000,0.000,1.000
1777760601.661,23.800,49.000,0.000,1.000
1777760602.918,23.700,49.000,0.000,1.000
1777760603.662,23.700,49.000,0.000,1.000
1777760604.916,23.700,48.000,0.000,1.000
1777760605.662,23.700,48.000,0.000,1.000
1777760606.916,23.600,48.000,0.000,1.000
1777760607.662,23.600,48.000,0.000,1.000
1777760608.916,23.600,48.000,0.000,1.000
1777760609.662,23.600,48.000,0.000,1.000
1777760610.917,23.500,48.000,0.000,1.000
1777760611.662,23.500,48.000,0.000,1.000
1777760612.917,23.500,48.000,0.000,1.000
1777760613.662,23.500,48.000,0.000,1.000
1777760614.917,23.500,48.000,0.000,1.000
1777760615.663,23.500,48.000,0.000,1.000
1777760616.919,23.500,48.000,0.000,1.000
1777760617.663,23.500,48.000,0.000,1.000
1777760618.917,23.400,48.000,0.000,1.000
1777760619.663,23.400,48.000,0.000,1.000
1777760620.918,23.500,48.000,0.000,1.000
1777760621.663,23.500,48.000,0.000,1.000
1777760622.918,23.500,48.000,0.000,1.000
1777760623.663,23.500,48.000,0.000,1.000
1777760627.176,23.200,48.000,0.000,1.000
1777760627.769,23.200,48.000,0.000,1.000
1777760628.769,23.200,48.000,0.000,1.000
1777760630.028,23.200,48.000,0.000,1.000
1777760630.769,23.200,48.000,0.000,1.000
1777760632.028,23.100,48.000,0.000,1.000
1777760632.770,23.100,48.000,0.000,1.000
1777760636.282,23.000,48.000,0.000,0.000
1777760636.837,23.000,48.000,0.000,0.000
1777760637.837,23.000,48.000,0.000,0.000
1777760639.094,23.000,48.000,0.000,0.000
1777760639.838,23.000,48.000,0.000,0.000
1777760641.092,23.000,48.000,0.000,0.000
1777760641.838,23.000,48.000,0.000,0.000
1777760643.092,23.000,48.000,0.000,0.000
1777760643.838,23.000,48.000,0.000,0.000
1777760645.092,22.900,49.000,0.000,0.000
1777760645.838,22.900,49.000,0.000,0.000
1777760647.093,22.900,49.000,0.000,0.000
1777760647.838,22.900,49.000,0.000,0.000
1777760649.093,22.900,49.000,0.000,0.000
1777760649.838,22.900,49.000,0.000,0.000
1777760651.093,22.800,50.000,0.000,0.000
1777760651.839,22.800,50.000,0.000,0.000
1777760653.093,22.800,50.000,0.000,0.000
1777760653.839,22.800,50.000,0.000,0.000
1777760655.093,22.700,50.000,0.000,0.000
1777760655.839,22.700,50.000,0.000,0.000
1777760657.094,22.700,50.000,0.000,0.000
1777760657.842,22.700,50.000,0.000,0.000
1777760659.098,22.700,51.000,0.000,0.000
1777760659.842,22.700,51.000,0.000,0.000
1777760661.096,22.600,51.000,0.000,0.000
1777760661.842,22.600,51.000,0.000,0.000
1777760663.099,22.700,51.000,0.000,0.000
1777760663.842,22.700,51.000,0.000,0.000
1777760665.097,22.600,51.000,0.012,0.000
1777760665.842,22.600,51.000,0.010,0.000
1777760667.097,22.600,51.000,0.025,0.000
1777760667.843,22.600,51.000,0.034,0.000
1777760669.097,22.600,51.000,0.049,0.000
1777760669.843,22.600,51.000,0.058,0.000
1777760671.099,22.500,52.000,0.126,0.000
1777760671.843,22.500,52.000,0.127,0.000
1777760673.097,22.500,52.000,0.146,0.000
1777760673.843,22.500,52.000,0.157,0.000
1777760675.097,22.500,52.000,0.176,0.000
1777760675.843,22.500,52.000,0.187,0.000
1777760677.098,22.500,52.000,0.206,0.000
1777760677.844,22.500,52.000,0.217,0.000
1777760679.102,22.500,52.000,0.236,0.000
1777760679.844,22.500,52.000,0.247,0.000
1777760681.098,22.500,52.000,0.266,0.000
1777760681.844,22.500,52.000,0.277,0.000
1777760683.098,22.500,52.000,0.296,0.000
1777760683.844,22.500,52.000,0.307,0.000
